Title,Link
Dark crystals: the brutal reality behind a booming wellness craze,https://www.theguardian.com/lifeandstyle/2019/sep/17/healing-crystals-wellness-mining-madagascar
Positive about flying without fragrance,https://www.theguardian.com/lifeandstyle/2019/sep/16/positive-about-flying-without-fragrance
Just not sporty: how to embrace exercise as an adult if you disliked it as a child,https://www.theguardian.com/lifeandstyle/2019/sep/16/just-not-sporty-how-to-embrace-exercise-as-an-adult-if-you-disliked-it-as-a-child
Fragrance sensitivity: why perfumed products can cause profound health problems,https://www.theguardian.com/lifeandstyle/2019/sep/15/fragrance-sensitivity-why-perfumed-products-can-cause-profound-health-problems
A simple guide to getting a good night’s sleep,https://www.theguardian.com/lifeandstyle/2019/sep/15/a-simple-guide-to-getting-a-good-nights-sleep
I want another baby but maternity leave would stall my career,https://www.theguardian.com/lifeandstyle/2019/sep/15/i-want-another-baby-but-maternity-leave-would-stall-my-career-mariella-frostrup
Facing life with dementia and discovering a positive path,https://www.theguardian.com/lifeandstyle/2019/sep/14/facing-life-with-dementia-and-discovering-a-positive-path
My son grieves for the great grandfather he has never met,https://www.theguardian.com/lifeandstyle/2019/sep/13/my-son-misses-the-grandfather-he-has-never-met
I’ve spent 15 years in a job that breaks my heart,https://www.theguardian.com/lifeandstyle/2019/sep/13/ive-spent-15-years-in-a-job-that-breaks-my-heart
I have to fantasise about porn to climax with my boyfriend,https://www.theguardian.com/lifeandstyle/2019/sep/17/i-have-to-fantasise-about-porn-to-climax-with-my-boyfriend
I want another baby but maternity leave would stall my career,https://www.theguardian.com/lifeandstyle/2019/sep/15/i-want-another-baby-but-maternity-leave-would-stall-my-career-mariella-frostrup
Canyon Roadlite:ON – ‘Takes the grind out of commuting – and gets you fit’,https://www.theguardian.com/lifeandstyle/2019/sep/15/canyon-roadlite-on-fitness-bike-commuter-review-electric
How can we store our bikes securely in our front garden?,https://www.theguardian.com/money/2019/sep/14/how-can-we-store-our-bikes-securely-in-our-front-garden
Chain Reaction’s customer service is in the frame,https://www.theguardian.com/money/2019/sep/10/chain-reaction-wiggle-mountain-bike-warranty
Raleigh Super Tuff Burner: ‘It’s impossible to act your age on a bike like this’,https://www.theguardian.com/lifeandstyle/2019/sep/08/raleigh-super-tuff-burner-its-impossible-to-act-your-age-on-a-bike-like-this
"Caesarean babies have different gut bacteria, microbiome study finds",https://www.theguardian.com/society/2019/sep/18/caesarean-babies-have-different-gut-bacteria-microbiome-study-finds
Life in the home counties brings 16 more years of good health…,https://www.theguardian.com/society/2019/sep/15/inequality-healthy-life-expectancy-gap-widens
Barely any UK teens meeting exercise and screen time guidelines,https://www.theguardian.com/society/2019/aug/26/uk-teens-exercise-screen-time-guidelines
Penguin Random House to release audiobooks to send listeners to sleep,https://www.theguardian.com/books/2019/aug/25/penguin-random-house-to-release-audiobooks-to-send-listeners-to-sleep
Cardiovascular disease risk greater in people prone to insomnia - study,https://www.theguardian.com/lifeandstyle/2019/aug/19/insomniacs-risk-heart-failure-stroke-study
The war on (unwanted) dick pics has begun,https://www.theguardian.com/lifeandstyle/2019/sep/19/its-a-violation-the-war-on-unwanted-dick-pics-has-begun
"Could Mark Francois, Brexit bellower, be TV's next explosive star?",https://www.theguardian.com/lifeandstyle/lostinshowbiz/2019/sep/19/could-mark-francois-brexit-bellower-be-tvs-next-explosive-star
Dark crystals: the brutal reality behind a booming wellness craze,https://www.theguardian.com/lifeandstyle/2019/sep/17/healing-crystals-wellness-mining-madagascar
'I’m tired and desperate' – a disabled victim of domestic violence on her struggle to survive,https://www.theguardian.com/lifeandstyle/2019/sep/19/disabled-victim-of-domestic-violence-on-her-struggle-to-survive
"Women, looking unapproachable could be your greatest asset",https://www.theguardian.com/lifeandstyle/commentisfree/2019/sep/18/women-looking-unapproachable-could-be-your-greatest-asset
'Put your phone away and be in the moment': how to enjoy being a parent,https://www.theguardian.com/lifeandstyle/2019/sep/07/if-you-are-happy-they-are-happy-how-to-enjoy-being-a-parent
Shock tactics: can electric dog collars ever be ethical?,https://www.theguardian.com/lifeandstyle/shortcuts/2019/sep/18/shock-tactics-electric-dog-training-collars-ethical
I have to fantasise about porn to climax with my boyfriend,https://www.theguardian.com/lifeandstyle/2019/sep/17/i-have-to-fantasise-about-porn-to-climax-with-my-boyfriend
Fragrance sensitivity: why perfumed products can cause profound health problems,https://www.theguardian.com/lifeandstyle/2019/sep/15/fragrance-sensitivity-why-perfumed-products-can-cause-profound-health-problems
"'No, no, no!' – What do top Japanese chefs make of Britain's high-street sushi?",https://www.theguardian.com/lifeandstyle/2017/jul/25/japanese-chefs-high-street-sushi-taste-test
